index,decimals,name,address
LIFE,18,LIFE Token,0xff18dbc487b4c2e3222d115952babfda8ba52f5f
AMB,18,Amber Token,0x4dc3643dbc642b72c158e7f3d2ff232df61cb6ce
KRL,18,Kryll,0x464ebe77c293e473b48cfe96ddcf88fcf7bfdac0
IDXM,8,IDEX Membership,0xcc13fc627effd6e35d2d2706ea3c4d7396c610ea
YUP,18,Crowdholding,0xd9a12cde03a86e800496469858de8581d3a5353d
CSNO,8,BitDice,0x29d75277ac7f0335b2165d0895e8725cbf658d73
XBP,18,BlitzPredict,0x28dee01d53fed0edf5f6e310bf8ef9311513ae40
UTNP,18,Universa,0x9e3319636e2126e3c0bc9e3134aec5e1508a46c7
EOS,18,EOS,0x86fa049857e0209aa7d9e616f7eb3b3b78ecfdb0
ORME,8,Ormeus,0x516e5436bafdc11083654de7bb9b95382d08d5de
MIRO,8,Mirocana,0x0168703872fa06741ecaa9dff7803168e83f7ae0
SIG,18,Spectiv Signal,0x6888a16ea9792c15a4dcf2f6c623d055c8ede792
ETHOS,8,Ethos,0x5af2be193a6abca9c8817001f45744777db30756
DFSOLD,18,Digital Fantasy Sports,0x574c44e81f272514e29c6adc411b8c53a856fbe5
GJC,18,Global Jobcoin,0x2ae965cd3d2b6d186e87d9586fc3bdbfc667cacc
TAU,18,Lamden,0xc27a2f05fa577a83ba0fdb4c38443c0718356501
AGI,8,Singularity.net,0x8eb24319393716668d768dcec29356ae9cffe285
MVL,18,Mass Vehicle Ledger,0xa849eaae994fb86afa73382e9bd88c2b6b18dc71
HXTT,4,Hextracoin Token,0xd0c65688fca8524bfda85b5e76cefb01157eee4e
TAY,18,TAYLOR,0xc4d557d795ce16c49624e48045b380f169e4113f
MANA,18,Decentraland,0x0f5d2fb29fb7d3cfee444a200298f468908cc942
SANTA,18,Santa,0x63011ea1d431f54297d90543689d69177b1846ef
DTRC,18,Datarius Credit,0xc20464e0c373486d2b3335576e83a218b1618a5e
SPF,18,SportyCo,0x85089389c14bd9c77fc2b8f0c3d1dc3363bf06ef
ETHCODE,0,Ethereum code,0x11f8dd7699147566cf193596083d45c8f592c4ba
ENTRC,8,Enter-Coin,0xaf55f3b7dc65c8f9577cf00c8c5ca7b6e8cc4433
WRC,6,Worldcore,0x72adadb447784dd7ab1f472467750fc485e4cb2d
FIT,18,FIT Token,0x8d51efc43c810b7982e599f67e59ee27c46bcc25
GZR,6,Gizer,0xe638dc39b6adbee8526b5c22380b4b45daf46d8e
BTCQ,8,Bitcoin Quick,0xd7aa94f17d60be06414973a45ffa77efd6443f0f
BTCP,8,Bitcoin Prime,0x3f0722a416e5102304ced3f3d1e22c787954b4e2
EXRN,0,EXRNchain,0xe469c4473af82217b30cf17b10bcdb6c8c796e75
PEXT,4,PEX-Token,0x55c2a0c171d920843560594de3d6eecc09efc098
LION,18,CoinLion,0x2167fb82309cf76513e83b25123f8b0559d6b48f
GMIT,18,GameMachine,0x3f24122a11651c505234f427878700530cba1d71
EXRT,8,EXRT,0xb20043f149817bff5322f1b928e89abfc65a9925
BTCM,18,BTCMoon,0xa9aad2dc3a8315caeee5f458b1d8edc31d8467bd
SCT,18,Soma Community Token,0x63b992e6246d88f07fc35a056d2c365e6d441a3d
GIM,8,Gimli,0xae4f56f072c34c0a65b3ae3e4db797d831439d93
BTCE,8,EthereumBitcoin,0x0886949c1b8c412860c4264ceb8083d1365e86cf
GOAL,18,GOAL Bonanza,0x7b69b78cc7fee48202c208609ae6d1f78ce42e13
SNG,8,SINERGIA,0xcfd6ae8bf13f42de14867351eaff7a8a3b9fbbe7
SND,0,SandCoin,0xf333b2ace992ac2bbd8798bf57bc65a06184afba
LOOM,18,Loom,0xa4e8c3ec456107ea67d3075bf9e3df3a75823db0
SNC,18,Suncontract,0xf4134146af2d511dd5ea8cdb1c4ac88c57d60404
UETL,8,UselessEthTokenLite,0xa5a283557653f36cf9aa0d5cc74b1e30422349f2
JNT,18,Jibrel Network Token,0xa5fd1a791c4dfcaacc963d4f73c6ae5824149ea7
SNGLS,0,SingularDTV,0xaec2e87e0a235266d9c5adc9deb4b2e29b54d009
WEL,18,Welcome Coin,0x697b2658eb4085445625d6aeece29bd117c58c62
SNM,18,SONM,0x983f6d60db79ea8ca4eb9968c6aff8cfa04b3c63
XDAC,18,xDAC Coin,0x2a5c5212f399aa04a0ce28dbe48c1a17fca78df4
SNT,18,Status,0x744d70fdbe2ba4cf95131626614a1763df805b9e
PRPS,18,Purpose,0x7641b2ca9ddd58addf6e3381c1f994aac5f1a32f
ALG,18,Algory,0x16b0a1a87ae8af5c792fabc429c4fe248834842b
WILD,18,WILD,0xd3c00772b24d997a812249ca637a921e81357701
LGO,8,Legolas,0x123ab195dd38b1b40510d467a6a359b201af056f
MAN,18,MATRIX AI Network,0xe25bcec5d3801ce3a794079bf94adf1b8ccd802d
DTH,18,Dether,0x5adc961d6ac3f7062d2ea45fefb8d8167d44b190
CRTM,8,Corethum,0xa119f0f5fd06ebadff8883c0f3c40b2d22e7a44f
ESCARCE,0,E-scarce,0x8db8ad2888b338dc8ad715347821c24bbbcac5b0
DTA,18,DATA,0x69b148395ce0015c13e36bffbad63f49ef874e03
EVC,18,EventChain,0xb62d18dea74045e822352ce4b3ee77319dc5ff2f
EVE,18,Devery,0x923108a439c4e8c2315c4f6521e5ce95b44e9b4c
ZDR,8,Zloadr Token,0x71f1bc89f38b241f3ebf0d5a013fa2850c63a1d4
EVX,4,Everex,0xf3db5fa2c66b7af3eb0c0b782510816cbe4813b8
GUP,3,Guppy,0xf7b098298f7c69fc14610bf71d5e02c60792894c
PCO,8,Pecunio,0xf5b815344641412401d8e868790dbd125e6761ca
PCL,8,PECULIUM,0x3618516f45cd3c913f81f9987af41077932bc40d
TRASH,3,Trash Cash,0xb203b5495109c6c85615ebb2056f98301d470507
CMS,6,COMSA,0xf83301c5cd1ccbb86f466a6b3c53316ed2f8465a
TSS,18,TokenSecurityScheme,0x28481cdc0e4fa79164491d47e8837edeb3993f20
BET,18,DaoCasino,0x8aa33a7899fcc8ea5fbe6a608a109c3893a1b8b2
CDT,18,CoinDash,0x177d39ac676ed1c67a2b268ad7f1e58826e5b0af
ELEC,18,ElectrifyAsia,0xd49ff13661451313ca1553fd6954bd1d9b6e02b9
HUB,18,UHUB,0x19aea60e2fd6ac54ecf2576292c8fc7046429c37
WIZ,18,CrowdwizToken,0x2f9b6779c37df5707249eeb3734bbfc94763fbe2
VLD,18,VALID,0x922ac473a3cc241fd3a0049ed14536452d58d73c
TTT,18,Tap Coin,0x9f599410d207f3d2828a8712e5e543ac2e040382
LST,18,Lendroid,0x4de2573e27e648607b50e1cfff921a33e4a34405
WOLK,18,Wolk,0x728781e75735dc0962df3a51d7ef47e798a7107e
EXY,18,Experty,0x5c743a35e903f6c584514ec617acee0611cf44f3
EVN,18,Envion,0xd780ae2bf04cd96e577d3d014762f831d97129d0
RLX,18,Relex,0x4a42d2c580f83dce404acad18dab26db11a1750e
LCASH,8,LitecoinCash,0x7747aeb32d89e527e5ebbf646871ca79805989ad
FTR,18,Futourist,0x2023dcf7c438c8c8c0b0f28dbae15520b4f3ee20
BLX,18,Blockchain Index,0xe5a7c12972f3bbfe70ed29521c8949b8af6a0970
BLZ,18,Bluzelle,0x5732046a883704404f284ce41ffadd5b007fd668
DRPS,8,Dcorp Security,0x3e250a4f78410c29cfc39463a81f14a226690eb4
NBTK,0,Nebeus,0xb0e6f83eba6a4ea20617e134b1aee30fcb0ac634
GRX,18,Gold Reward,0x219218f117dc9348b358b8471c55a073e5e0da0b
DRPU,8,Dcorp Utility,0xe30e02f049957e2a5907589e06ba646fb2c321ba
BLN,18,Bulleon,0x7b1309c1522afd4e66c31e1e6d0ec1319e1eba5e
EGAMET,8,EGAME Token,0xa05c48fff5da158edd45df5659ca2f3d55509a6b
IOTX,18,IoTeX Network,0x6fb3e0a217407efff7ca062d46c26e5d60a14d69
ENO,18,Ethino,0x614ea929892ea43d3ea2c5e3311b01cc589bad6c
MAT,18,Miniapps,0x0f587d0b7b1c1ef68b432936b75c4d6c4d12b647
MXX,18,MaxxToken,0xbc63acdfafa94bd4d8c2bb7a8552281f107242c0
INT,6,Internet Node Token,0x0b76544f6c413a555f309bf76260d1e02377c02a
INV,8,Invacio Coin,0xece83617db208ad255ad4f45daf81e25137535bb
HLT,6,HighLimit,0x7db5e506a6d24a1557682467104e30758aa93b96
MPRM,0,iMPERIUM,0x5cf4e9dfd975c52aa523fb5945a12235624923dc
PPP,18,Paypie,0xc42209accc14029c1012fb5680d95fbd6036e2a0
INS,10,INS Ecosystem,0x5b2e4a700dfbc560061e957edec8f6eeeb74a320
NOX,18,Nitro,0xec46f8207d766012454c408de210bcbc2243e71c
CBT,18,CommerceBlock,0x076c97e1c869072ee22f8c91978c99b4bcb02591
IND,18,Indorse,0xf8e386eda857484f5a12e4b5daa9984e06e73705
ING,18,Iungo,0x24ddff6d8b8a42d835af3b440de91f3386554aa4
CTT,18,ChainTrade,0xe3fa177acecfb86721cf6f9f4206bd3bd672d7d5
REX,18,imbrex,0xf05a9382a4c3f29e2784502754293d88b835109c
FT,18,Fabric Token,0x78a73b6cbc5d183ce56e786f6e905cadec63547b
CTR,18,Centra,0x96a65609a7b84e8842732deb08f56c3e21ac6f8a
DOM,0,DomainToken,0x30aee7f259d6d1564ebef457847c672b30f13cbc
BBC,18,B2B Coin,0xe7d3e4413e29ae35b0893140f4500965c74365e5
GLA,8,Gladius,0x71d01db8d6a2fbea7f8d434599c237980c234e4c
REP,18,Augur,0xe94327d07fc17907b4db788e5adf2ed424addff6
REQ,18,Request Network,0x8f8221afbb33998d8584a2b05749ba73c37a938a
CTX,18,Car Taxi,0x662abcad0b7f345ab7ffb1b1fbb9df7894f18e66
FUCK,4,Finally Usable Crypto Karma,0x65be44c747988fbf606207698c944df4442efe19
POLY,18,Polymath,0x9992ec3cf6a55b00978cddf2b27bc6882d88d1ec
RETN,18,Retainly,0x2add07c4d319a1211ed6362d8d0fbe5ef56b65f6
CTE,18,Career Trust Ecosystem,0xa6ba0aa61ccd254fd92d548dfe87d06533649c12
CTF,18,CryptoTask,0x4545750f39af6be4f237b6869d4ecca928fd5a85
FC,2,FaceCoin,0xe6923e9b56db1eed1c9f430ea761da7565e260fe
REN,18,Republic Token,0x408e41876cccdc0f92210600ef50372656052a38
KNOW,0,Xandria,0xf3b8c42485710fb1d390ea2a7b127313fb9c5f0f
REM,4,REMME,0x83984d6142934bb535793a82adb0a46ef0f66b6d
RAVE,18,Ravelous,0x6a09e1b7cc5cb52ffdfc585a8df51ced7063915c
EBIT,0,eBIT,0xdb45faeca61c70e271bffeaf66162fa68a1c4def
REA,18,Realisto,0x767ba2915ec344015a7938e3eedfec2785195d05
REF,8,RefToken,0x89303500a7abfb178b274fd89f2469c264951e1f
DOR,15,Dorado,0x906b3f8b7845840188eab53c3f5ad348a787752f
DATX,18,DATx,0xabbbb6447b68ffd6141da77c18c7b5876ed6c5ab
MITX,18,Morpheus Labs Token,0x4a527d8fc13c5203ab24ba0944f4cb14658d1db6
GGS,18,Gilgames,0x68db10ecc599d9f5e657acdafdbf6449d658bb2d
POWR,6,Power Ledger,0x595832f8fc6bf59c85c527fec3740a1b7a361269
MDA,18,Moeda,0x51db5ad35c671a87207d88fc11d593ac0c8415bd
SETH,18,Sether,0x78b039921e84e726eb72e7b1212bb35504c645ca
BSK,18,Brisk Pass,0xe3d631a5fc2aa15d8f051e5ecc8b7979312c4aef
SPARK,18,SPARK,0x98135aa7d498890176bfd34bc451b4dd36b4be01
CVT,18,CyberVein Token,0xbe428c3867f05dea2a89fc76a102b544eac7f772
BSC,0,Bit Startup Capital,0xac1ec3143b89d5b263d9194db216ea068e0f3dc9
AUA,5,ArubaCoin,0xb29678a4805a7d787dc9589e179d27f7575bb9f7
DIVM,18,DIVMGroup,0x2449224f42ce230c5b67e1d48bdceb224b0f72d7
BSDC,18,BitsIdea,0xf26ef5e0545384b7dcc0f297f2674189586830df
JET,18,Jetcoin,0x8727c112c712c4a03371ac87a74dd6ab104af768
BTT,18,Blocktrade,0xfa456cf55250a839088b27ee32a424d7dacb54ff
TOV,0,TokenVerse,0xaa26b73bfdc80b5c7d2cfbfc30930038fb7fa657
IAGT,18,Iagon,0xa14d6d3d0f6bcfb2f658291e2a341bad316f1032
DCBL,10,Decibel,0x1dc8c1b2f767e9e7b346f2056d0976523ba6b1d9
DFS,18,Digital Fantasy Sports,0x45ed02e374aef2e4b34c04e86ad9d45891d10751
AUN,18,Authoreon,0x5b7093fe2491dfb058c94bcd62a1cd4d822f884c
MCAP,8,MCAP,0x93e682107d1e9defb0b5ee701c71707a4b2e46bc
LTG,0,LiteCoinGold,0x0879e0c9822b75f31f0b0ed2a30be9f484a57c2f
DPY,18,Delphy Token,0x6c2adc2073994fb2ccc5032cc2906fa221e9b391
1ST,18,FirstBlood,0xaf30d2a7e90d7dc361c8c4585e9bb7d2f6f15bc7
VEN,18,VeChain,0xd850942ef8811f2a866692a623011bde52a462c1
BENJA,8,benjaCoin,0x38968746147bbaeb882f356ad9a57594bb158235
LTO,18,Lotus Token,0xe2e5d0e1422e927abab19ad2067f802ad07fb364
DBET,18,Decent.Bet,0x9b68bfae21df5a510931a262cecf63f41338f264
PAR,18,Parachute,0x1beef31946fbbb40b877a72e4ae04a8d1a5cee06
EDG,0,Edgeless,0x08711d3b02c8758f2fb3ab4e80228418a7f8e39c
CAJ,18,Cajutel,0x3c6a7ab47b5f058be0e7c7fe1a4b7925b8aca40e
SS,18,Sharder Chain,0xbbff862d906e348e9946bfb2132ecb157da3d4b4
MMT,18,Momenteum,0xad6fc7cba45d982e237ed54122ccfc0151eb8f2d
PRYZ,18,Pryze,0x6b834f43b7f5a1644e0c81caa0246969da23105e
ALB,8,Allbyte,0x6a81ae504e95b99d8f9126ad6295224f07d0ca18
EDO,18,Eidoo,0xced4e93198734ddaff8492d525bd258d49eb388e
RLC,9,iExec,0x607f4c5bb672230e8672085532f7e901544a7375
EDM,18,Ethereum Diamond,0xfc64e1a97009c38803bcc636885deed2830bfac3
EDR,18,Endor Protocol Token,0xc528c28fec0a90c083328bc45f587ee215760a0f
ANGL,18,Angel Token,0xc499ea948a1ad5d8eaf12abd2f67975c4dbe21aa
NTK,18,NeuroToken,0x69beab403438253f13b6e92db91f7fb849258263
ODEM,18,ODEM,0xbf52f2ab39e26e0951d2a02b49b7702abe30406a
MAD,18,MAD Token,0x5b09a0371c1da44a8e24d36bf5deb1141a84d875
ECOMT,18,E-commerce,0x70f7cb8e3a7d52e8be9611ce20e1677aebcf027b
EDT,8,EtherDelta Token,0xce53a179047ebed80261689367c093c90a94cc08
ORI,18,Origami Network,0xd2fa8f92ea72abb35dbd6deca57173d22db2ba49
GUNS,18,GeoUnits,0x2ca72c9699b92b47272c9716c664cad6167c80b0
ALP,8,Alpha Protocol,0xf3dd3acf1662a564e15d7569fd80c105596e8846
CAN,6,CanYaCoin,0x1d462414fe14cf489c7a21cac78509f4bf8cd7c0
ZCN,10,0chain,0xb9ef770b6a5e12e45983c5d80545258aa38f3b78
BAT,18,Basic Attention Token,0x0d8775f648430679a709e98d2b0cb6250d2887ef
GZE,18,GazeCoin,0x8c65e992297d5f092a756def24f4781a280198ff
BAR,18,TBIS Inc.,0xc7579bb99af590ec71c316e1ac4436c535039594
BAS,8,BitAsean,0x2a05d22db079bc40c2f77a1d1ff703a56e631cc1
ERR,18,Etherare,0x242d07ca5ff875101f91c4fab27a11218ea7f53c
DPP,18,DA Power Play,0x01b3ec4aae1b8729529beb4965f27d008788b0eb
CAS,18,Cashaa,0xe8780b48bdb05f928697a5e8155f672ed91462f7
SHNZ,8,ShizzleNizzle,0x8b0c9f462c239c963d8760105cbc935c63d85680
YC,0,YoshiCoin,0x4e260e3ca268e40133c84b142de73108a7c1ec99
GEN2,18,Genesis,0x9dfe4643c04078a46803edcc30a3291b76d4c20c
BAX,18,BABB,0x9a0242b7a33dacbe40edb927834f96eb39f8fbcb
CAT,18,BlockCAT,0x56ba2ee7890461f463f7be02aac3099f6d5811a8
DATL,18,Datalife,0xedcd82784027001d7af57a34501c65a25f97fee4
GREEN,8,EtherGreen,0x108caf59641fc5d27502a87e641872b62d606ae2
CZT,0,Civilianz,0xe4c07f4637df3a0354f9b42a1b3178dc573b8926
MITH,18,Mithril Token,0x3893b9422cd5d70a81edeffe3d5a1c6a978310bb
AID,18,Aid Coin,0x37e8789bb9996cac9156cd5f5fd32599e6b91289
UKG,18,Unikoin Gold,0x24692791bc444c5cd0b81e3cbcaba4b04acd1f3b
XHY,8,HYBRID,0x2f4baef93489b09b5e4b923795361a65a26f55e5
DATA,18,Streamr,0x0cf0ee63788a0849fe5297f3407f701e122cc023
MWAT,18,RED MWAT,0x6425c6be902d692ae2db752b3c268afadb099d3b
QKC,18,QuarkChain Token,0xea26c4ac16d4a5a106820bc8aee85fd0b7b2b664
ETBT,18,Ethereum Black,0x9d5b592b687c887a5a34df5f9207adb2c2db3aec
PGL,18,Prospectors,0x089a6d83282fb8988a656189f1e7a73fa6c1cac2
TOTO,8,TouristToken,0xe3278df3eb2085ba9b6899812a99a10f9ca5e0df
ETBS,12,EthBits,0x1b9743f556d65e757c4c650b4555baf354cb8bd3
GNO,18,Gnosis,0x6810e776880c02933d47db1b9fc05908e5386b96
PLBT,6,Polybius,0x0affa06e7fbe5bc9a764c979aa66e8256a631f02
SEELE,18,Seele,0xb1eef147028e9f480dbc5ccaa3277d417d1b85f0
NCASH,18,Nucleus Vision,0x809826cceab68c387726af962713b64cb5cb3cca
BITCAR,8,BitCar,0x08b4c866ae9d1be56a06e0c302054b4ffe067b43
NEOB,18,Neo Black,0x19e7ce00e34ec1669371dd5751652edf9db5e13f
SPX,18,SP8DE Token,0x05aaaa829afa407d83315cded1d45eb16025910c
STAKE,8,StakeIt,0xbec8f6d667594fb181c9d68e5c80c910888be93d
NEOG,0,NEO GOLD,0x449574c69f3a658794829ed81639a7a9ece041e1
STB,4,Stable,0x09bca6ebab05ee2ae945be4eda51393d94bf7b99
NTWK,18,Network Token,0x2233799ee2683d75dfefacbcd2a26c78d34b470d
FXT,18,Fuzex,0x1829aa045e21e0d59580024a951db48096e01782
HGT,8,HelloGold,0xba2184520a1cc49a6159c57e61e1844e085615b6
HGS,18,HashGains,0x23b8cc7cb0b1fff0130197dc5aac7e1b305a5813
ZRX,18,0x,0xe41d2489571d322189246dafa5ebde1f4699f498
BCS,18,BCShop.io Token,0x98bde3a768401260e7025faf9947ef1b81295519
STU,18,bitJob,0x0371a82e4a9d0a4312f3ee2ac9c6958512891372
KTN,6,KARMATOKEN,0xdc0c22285b61405aae01cba2530b6dd5cd328da7
GRID,12,Grid+,0x12b19d3e2ccc14da04fae33e63652ce469b3f2fd
STQ,18,Storiqa,0x5c3a228510d246b78a3765c20221cbf3082b44a4
PRE,18,Presearch,0x88a3e4f35d64aad41a6d4030ac9afe4356cb84fa
ABX,18,ABX Token,0x9a794dc1939f1d78fa48613b89b8f9d0a20da00e
CAG,18,Change,0x7d4b8cce0591c9044a22ee543533b72e976e36c3
BOSS,18,Boss Token,0xb334ac3a2f65dd597734b888324fd48285dad8a2
STX,18,Stox,0x006bea43baa3f7a6f765f14f10a1a1b08334ef45
STY,18,Styras,0x9c5bce67611a40124887715851c9a81abac12256
TFL,8,TrueFlip,0xa7f976c360ebbed4465c2855684d1aae5271efa9
MGX,18,MEGAX,0xc79d440551a03f84f863b1f259f135794c8a7190
BTRN,18,Biotron,0x03c780cd554598592b97b7256ddaad759945b125
CFI,18,Cofoundit,0x12fef5e57bf45873cd9b62e9dbd7bfb99e32d73e
CRC,18,Crycash,0xf41e5fbc2f6aac200dd8619e121ce1f05d150077
TFD,18,TE-FOOD,0xe5f166c0d8872b68790061317bb6cca04582c912
NCT,18,Nectar,0x9e46a38f5daabe8683e10793b06749eef7d733d1
XCLR,8,ClearCoin,0x1e26b3d07e57f453cae30f7ddd2f945f5bf3ef33
SQRL,6,SquirrelGims,0xf99f901124cbbe180984a247ba94cfba0c764b2e
EMVC,2,MovieCredits,0xd3f5056d9a112ca81b0e6f9f47f3285aa44c6aaa
RST,10,Rega,0xa17d1bf14802e0eec8f84b3b8b638a9402d60e9e
TFT,8,Travelling,0x13ea82d5e1a811f55bda9c86fdd6195a6bd23aed
NIMFA,18,Nimfamoney,0xe26517a9967299453d3f1b48aa005e6127e67210
SRNT,18,Serenity,0xbc7942054f77b82e8a71ace170e4b00ebae67eb6
ABYSS,18,ABYSS,0x0e8d6b471e332f140e7d9dbb99e5e3822f728da6
LIF,18,Lif,0xeb9951021698b42e4399f9cbb6267aa35f82d59d
FID,18,Fidelium Token,0x52fb36c83ad33c1824912fc81071ca5eeb8ab390
ECOM,18,Omnitude,0x171d750d42d661b62c277a6b486adb82348c3eca
ELYTE,18,EthereumLyte,0x05d379b48a8622ae4018309e116420db4a38a225
PBIT,8,PeraBit,0xb395bb199f4b31232274a2889b266a37ea64b1a3
BASE,18,Equitybase,0xabf1411106314b22307ef99c6f8e7d39775b0a95
FND,18,FundRequest,0x4df47b4969b2911c966506e3592c41389493953b
LINK,18,ChainLink,0x514910771af9ca656af840dff83e8264ecf986ca
BNB,18,BNB,0xb8c77482e45f1f44de1745f52c74426c631bdd52
WYS,18,wys Token,0xd8950fdeaa10304b7a7fd03a2fc66bc39f3c711a
FNL,3,Funnel Token,0x4c5601164e2048a4154de91fa5e0b07e626cab7f
MBRS,0,Embers,0x386467f1f3ddbe832448650418311a479eecfc57
SAI,18,SAI,0x59adcf176ed2f6788a41b8ea4c4904518e62b6a4
JOT,18,Jury.Online,0xdb455c71c1bc2de4e80ca451184041ef32054001
SAN,18,SANtiment,0x7c5a0ce9267ed19b22f8cae653f198e3e8daf098
SAL,18,SALPay,0x75c5ee419331b6150879530d06f9ba054755f1da
CANDY,18,Unicorn Candy Coin,0xcd3673af09e76c74d889aabab68ca0645566a3a1
EZEC,18,EZEC,0xae4191a7eb25713ac90483ea75828ae8038f94dc
PRO,18,ProChain,0x9041fe5b3fdea0f5e4afdc17e75180738d877a01
APIS,18,APIS,0x4c0fbe1bb46612915e7967d2c3213cd4d87257ad
RZ,0,Rupee.Z,0xcdb8ad9a0ec69e6b4f99204bf6d66709eabb917e
LBA,18,Libra Credit,0xfe5f141bf94fe84bc28ded0ab966c16b17490657
WTC,18,Walton,0xb7cb1c96db6b22b0d3d9536e0108d062bd488f74
IXT,8,iXledger,0xfca47962d45adfdfd1ab2d972315db4ce7ccf094
PRS,18,Persian,0x163733bcc28dbf26b41a8cfa83e369b5b3af741b
XAUR,8,Xaurum,0x4df812f6064def1e5e029f1ca858777cc98d2d81
SAT,8,SocialActivityToken,0xc56b13ebbcffa67cfb7979b900b736b3fb480d78
EETHER,18,E-Ether,0x00a0cbe98e4d110b0fa82646152d77babf2951d0
ZIP,8,ZipCoin,0x93e24ce396a9e7d7de4a5bc616cf5fcab0476626
EPY,8,Emphy,0x50ee674689d75c0f88e8f83cfe8c4b69e8fd590d
MRV,18,Macroverse,0xab6cf87a50f17d7f5e1feaf81b6fe9ffbe8ebf84
PPT,8,Populous,0xd4fa1460f537bb9085d22c7bccb5dd450ef28e3a
MRP,18,MoneyRebel,0x21f0f0fd3141ee9e11b3d7f13a1028cd515f459c
LAN,18,FreelancerCoin,0x64ff248ddd36430e3640fbea76999941a8bccbd7
BCOIN,8,BannerCoin,0xd3e2f9dfff5a6feeece5dbcee3b86cb375fd8c98
TPT,18,Teleport,0xc596bd09d652827b0106292d3e378d5938df4b12
HRK,0,AllenHark Terminal,0xb5d005cea9d5c1cfe56d8a1c34de39f963565565
MRK,8,Mark Space,0xf453b5b9d4e0b5c62ffb256bb2378cc2bc8e8a89
CHX,18,Chainium,0x1460a58096d80a50a2f1f956dda497611fa4f165
ZIL,12,zilliqa,0x05f4a42e251f2d52b8ed15e9fedaacfcef1fad27
NIO,0,Autonio,0x5554e04e76533e1d14c52f05beef6c9d329e1e30
VIB,18,Viberate,0x2c974b2d0ba1716e644c1fc59982a89ddd2ff724
ICASH,18,iCash,0x892b6df40a9d8f584296d9323efd0ed71674d904
SXDT,18,Spectre D,0x12b306fa98f4cbb8d4457fdff3a0a0a56f07ccdf
MTRC,18,ModulTrade,0x1e49ff77c355a3e38d6651ce8404af0e48c5395f
WISH,18,MyWish,0x1b22c32cd936cb97c28c5690a0695a82abf688e6
SFU,18,Saifu,0x5b135d7e2774c801a73208f258123d7623e07784
VIN,18,VIN,0xf3e014fe81267870624132ef3a646b8e83853a96
SDAO,4,Solar DAO,0x646cec6ee42d258336165cbbd5deb4af14f0f476
SPANK,18,SpankChain,0x42d6622dece394b54999fbd73d108123806f6a18
ASTRO,4,AstroTokens,0x7b22938ca841aa392c93dbb7f4c42178e3d65e88
CEDEX,18,CEDEX Token,0xf4065e4477e91c177ded71a7a6fb5ee07dc46bc9
LUC,18,Play2live,0x5dbe296f97b23c4a6aa6183d73e574d02ba5c719
TAAS,6,TokenasaService,0xe7775a6e9bcf904eb39da2b68c5efb4f9360e08c
PYN,18,Paycentos,0x0142c3b2fc51819b5af5dfc4aa52df9722790851
VIU,18,Viuly,0x519475b31653e46d20cd09f9fdcf3b12bdacb4f5
IPY,8,Infinity Pay,0x2cfd4c10c075fa51649744245ec1d0aa3d567e23
KICK,8,KickCoin,0x27695e09149adc738a978e9a678f99e4c39e9eb9
IFT,18,Feed,0x7654915a1b82d6d2d0afc37c52af556ea8983c7e
HORSE,18,Ethorse,0x5b0751713b2527d7f002c0c4e2a37e1219610a6b
SHPING,18,SHPING,0x7c84e62859d0715eb77d1b1c4154ecd6abb21bec
BFI,18,BitFinTech,0xd83c82d9ead90cdd59be89b9a893bfce3826e2fd
KSS,18,Krosscoin,0xf94e44d8ea46ccd8451d7e15264c6c4a78d3e10f
NGC,18,NAGA,0x72dd4b6bd852a3aa172be4d6c5a6dbec588cf131
PRO2,8,Propy,0x226bb599a12c826476e3a771454697ea52e9e220
TRAC,18,Origin Trail,0xaa7a9ca87d3694b5755f213b5d04094b8d0f0a6f
HDG,18,Hedge,0xffe8196bc259e8dedc544d935786aa4709ec3e64
FUN,8,FunFair,0x419d0d8bdd9af5e606ae2232ed285aff190e711b
XNK,18,Ink Protocol,0xbc86727e770de68b1060c91f6bb6945c73e10388
RTE,18,Rate3,0x436f0f3a982074c4a05084485d421466a994fe53
BMC,8,Blackmoon,0xdf6ef343350780bf8c3410bf062e0c015b1dd671
HPB,18,High Performance Blockchain,0x38c6a68304cdefb9bec48bbfaaba5c5b47818bb2
PKT,18,PlayKey Token,0x2604fa406be957e542beb89e6754fcde6815e83f
RTB,18,AB-CHAIN,0xec491c1088eae992b7a214efb0a266ad0927a72a
TKN,8,Monolith,0xaaaf91d9b90df800df4f55c205fd6989c977e73a
BMH,18,BlockMesh,0xf03045a4c8077e38f3b8e2ed33b8aee69edf869f
CEL,4,Celsius,0xaaaebe6fe48e54f431b0c390cfaf0b017d09d42d
HMQ,8,Humaniq,0xcbcc0f036ed4788f63fc0fee32873d6a7487b908
DENT,8,DENT,0x3597bfd533a99c9aa083587b074434e61eb0a258
TKT,18,CryptoTickets COIN,0x233cea452c8b2e46f54d3772592edfeb8edbb763
TKR,18,CryptoInsight,0xb45a50545beeab73f38f31e5973768c421805e5e
CHSB,8,SwissBorg,0xba9d4199fab4f26efe3551d490e3821486f135ba
ELTCOIN,8,ELTCOIN,0x44197a4c44d6a059297caf6be4f7e172bd56caaf
BUBO,18,Bubo,0xccbf21ba6ef00802ab06637896b799f7101f54a2
MTP,1,MilitaryPay,0xdab5dfa0966c3435da991b39d205c3ba1c64fe31
UGT,18,UG,0x43ee79e379e7b78d871100ed696e803e7893b644
SHP,18,Sharpe Token,0xef2463099360a085f1f10b076ed72ef625497a06
RFR,4,Refereum,0xd0929d411954c47438dc1d871dd6081f5c5e149c
ENG,8,Enigma,0xf0ee6b27b759c9893ce4f094b49ad28fd15a23e4
ENJ,18,EnjinCoin,0xf629cbd94d3791c9250152bd8dfbdf380e2a3b9c
ICNQ,18,Iconiq Lab Token,0xb3e2cb7cccfe139f8ff84013823bf22da6b6390a
DOGEG,18,Dogecoin Gold 2,0x398a9630c57775f77bd661474e112b6cf1941d1f
CE7,4,Act Curation Engine,0x7e7aa6a037bc056ae5bd6a399553cbac1b680602
TUSD,18,True USD,0x8dd5fbce2f6a956c3022ba3663759011dd51e73e
DLT,18,Delta,0x07e3c70653548b04f0a75970c1f81b4cbbfb606f
IBTC,18,iBTC,0x90c88ccd74e57e016acae8ad1eaa12ecf4c06f33
STK,18,STACK,0xae73b38d1c9a8b274127ec30160a4927c4d71824
SHL,18,Oyster Shell,0x8542325b72c6d9fc0ad2ca965a78435413a915a0
EBCH,8,eBitcoinCash,0xafc39788c51f0c1ff7b55317f3e70299e521fff6
TBX,18,Tokenbox,0x3a92bd396aef82af98ebc0aa9030d25a23b11c6b
J8T,8,JET8 Token,0x0d262e5dc4a06a0f1c90ce79c7a60c09dfc884e4
XCD,18,Capdax,0xca00bc15f67ebea4b20dfaaa847cace113cc5501
DOCK,18,Dock Token,0xe5dada80aa6477e85d09747f2842f7993d0df71c
MEDI,18,MediBond,0x90b1b771d0814d607da104b988efa39288219d62
MGO,8,MobileGo,0x40395044ac3c0c57051906da938b54bd6557f212
1LIFE,18,Pinkexc,0xce61f5e6d1fe5a86e246f68aff956f7757282ef0
BTE,8,Bitcoineum,0x73dd069c299a5d691e9836243bcaec9c8c1d8734
PTOY,8,Patientory,0x8ae4bf2c33a8e667de34b54938b0ccd03eb8cc06
ROOTS,18,Roots,0xb39573edc34b3da6c836a59fe6375155d804e492
TIME,8,Chronobank,0x6531f133e6deebe7f2dce5a0441aa7ef330b4e53
BTM,8,Bytom,0xcb97e65f07da24d46bcdd078ebebd7c6e6e3d750
STP,8,StashPay,0xecd570bbf74761b960fa04cc10fe2c4e86ffda36
BTO,18,Bottos,0x36905fc93280f52362a1cbab151f25dc46742fb5
BTN,4,BETNetwork,0x437cf0bf53634e3dfa5e3eaff3104004d50fb532
CRED,18,Verify,0x672a1ad4f667fb18a333af13667aa0af1f5b5bdd
BTH,18,Beth,0xd5b9a2737c9b2ff35ecb23b884eb039303bbbb61
AMIS,9,AMIS,0x949bed886c739f1a3273629b3320db0c5024c719
ADST,0,Adshares,0x422866a8f0b032c5cf1dfbdef31a20f4509562b0
BM,2,Bitcomo,0xe2fe5e7e206e7b46cad6a5146320e5b4b9a18e97
CLRT,18,ClusterToken,0x08fd34559f2ed8585d3810b4d96ab8a05c9f97c5
KCH,18,KahnChat,0x9409b1e54d5154b39bdcde3a6f85d463028435c3
ATL,18,ATLANT,0x78b7fada55a64dd895d8c8c35779dd8b67fa8a05
ATM,8,Attention,0x9b11efcaaa1890f6ee52c6bb7cf8153ac5d74139
IDEA,0,IDEA,0x814cafd4782d2e728170fda68257983f03321c58
ATT,18,Atmatrix,0x887834d3b8d450b6bab109c252df3da286d73ce4
FUCKOLD,4,Finally Usable CryptoKarma,0xab16e0d25c06cb376259cc18c1de4aca57605589
ATS,4,Authorship,0x2daee1aa61d60a252dc80564499a69802853583a
XUC,18,Exchange Union,0xc324a2f6b05880503444451b8b27e6f9e63287cb
DROP,18,Dropil,0x4672bad527107471cb5067a887f4656d585a8a31
LUN,18,Lunyr,0xfa05a73ffe78ef8f1a739473e462c54bae6567d9
SER,7,Seratio,0xb561fef0d624c0826ff869946f6076b7c4f2ba42
DGD,9,Digix DAO,0xe0b7927c4af23765cb51314a0e0521a9645f0e2a
AST,4,AirSwap,0x27054b13b1b798b345b591a4d22e6562d47ea75a
ULT,18,Ultimat,0x4632091b0dd0e0902d1fe0534e16eb7b20328d70
ECN,2,EtherCarbon,0xa578acc0cb7875781b7880903f4594d13cfa8b98
IMLOLD,18,IMMLA,0x39de38ba63d172b962db2fc2ee5e4376287c50bf
BITC,0,Bitsync,0xe0c21b3f45fea3e5fdc811021fb1f8842caccad2
IBA,4,iBuildApp Network,0xef88808d0fbb5c0c2c89f6d9b45eda53c0150993
WPR,18,WePower Token,0x4cf488387f035ff08c371515562cba712f9015d4
FLIXX,18,Flixx,0xf04a8ac553fcedb5ba99a64799155826c136b0be
LNK,18,Link,0xe2e6d4be086c6938b53b22144855eef674281639
SEN,18,Consensus Token,0xd53370acf66044910bb49cbcfe8f3cd020337f60
APPC,18,AppCoins,0x1a7a8bd9106f2b8d977e08582dc7d24c723ab0db
CMCT,8,Crowd Machine Token,0x47bc01597798dcd7506dcca36ac4302fc93a8cfb
LNC,18,Lancer Token,0x63e634330a20150dbb61b15648bc73855d6ccf07
BBO,18,Bigbom,0x84f7c44b6fed1080f647e354d552595be2cc602f
BETR,18,Better Betting,0x763186eb8d4856d536ed4478302971214febc6a9
IMC,18,IMM COIN,0xe42ba5558b00d2e6109cc60412d5d4c9473fe998
BBK,18,Brickblock Token,0x4a6058666cf1057eac3cd3a5a614620547559fc9
DGT,18,Dogetoken,0x8b9c35c79af5319c70dd9a3e3850f368822ed64e
ATMT,18,ATMT,0x331a550a2c7f96384eb69127aa0ea9ad4b5da099
FYN,18,FundYourselfNow,0x88fcfbc22c6d3dbaa25af478c578978339bde77a
TRIA,10,Triaconta,0x3293cc907fde439b39aedaf1b982785adaff186b
IML,18,IMMLA,0x26ab4e37a0ca037791c9c935a5691d63466ba487
TTV,18,Token for Television,0xa838be6e4b760e6061d4732d6b9f11bf578f9a76
ABT,18,ArcBlock,0xb98d4c97425d9908e66e53a6fdf673acca0be986
BERRY,14,Rentberry,0x6aeb95f06cda84ca345c2de0f3b7f96923a44f4c
LND,18,LendingBlock,0x0947b0e6d821378805c9598291385ce7c791a6b2
CLT,8,CoinLoan,0x2001f2a0cf801ecfda622f6c28fb6e10d803d969
DADI,18,DADI,0xfb2f26f266fb2805a387230f2aa0a331b4d96fba
EGOLD,18,EGOLD,0x6025f65f6b2f93d8ed1efedc752acfd4bdbcec3e
BBT,4,BitBoost,0x1500205f50bf3fd976466d0662905c9ff254fc9c
BLUE,8,Ethereum Blue,0x539efe69bcdd21a83efd9122571a64cc25e0282b
BEZ,18,Bezop,0x3839d8ba312751aa0248fed6a8bacb84308e20ed
OMG,18,OmiseGO,0xd26114cd6ee289accf82350c8d8487fedb8a0c07
HVN,8,Hive,0xc0eb85285d83217cd7c891702bcbc0fc401e2d9d
INDIOLD,18,Indicoin,0x0ffab58ea5a71cc3ca40217706c3c401407fa4a8
BKX,18,BANKEX,0x45245bc59219eeaaf6cd3f382e078a461ff9de7b
VME,18,VeriME,0xc343f099d3e41aa5c1b59470450e21e92e2d840b
ITC,18,IoT Chain,0x5e6b6d9abad9093fdc861ea1600eba1b355cd940
LCWP,8,LiteCoinW Plus,0xe8fc7e1973496848fcb486c5bb880f68487ea0bb
CMT,18,CyberMiles,0xf85feea2fdd81d51177f6b8f35f0e6734ce45f5f
KEY,18,SelfKey,0x4cc19356f2d37338b9802aa8e8fc58b0373296e7
ARY,18,Blockarray,0xa5f8fc0921880cb7342368bd128eb8050442b1a1
DCNT,1,Decentweb,0x6678e467fa5ccfbdc264d12f4b8b28fe4661606b
ITT,8,ITT,0x0aef06dcccc531e581f0440059e6ffcc206039ee
OMX,8,Omix,0xb5dbc6d3cf380079df3b27135664b6bcf45d1869
ALCO,8,Alaricoin,0x181a63746d3adcf356cbc73ace22832ffbb1ee5a
SWM,18,Swarm Fund Token,0x9e88613418cf03dca54d6a2cf6ad934a78c7a17a
B2BX,18,B2b,0x5d51fcced3114a8bb5e90cdd0f9d682bcbcc5393
BBN,18,Banyan,0x35a69642857083ba2f30bfab735dacc7f0bac969
GTKT,0,GoldenTickets,0x025abad9e518516fdaafbdcdb9701b37fb7ef0fa
EDOG,8,eDogecoin,0x44cba3a62a15ac8f66ff75bf7abd058dcca7d7ed
ICOS,6,ICOS - ICOBox,0x014b50466590340d41307cc54dcee990c8d58aa8
BPT,18,Blockport,0x327682779bab2bf4d1337e8974ab9de8275a7ca8
SWT,18,Swarm,0xb9e7f8568e08d5659f5d29c4997173d84cdf2607
REPUX,18,RepuX,0x4d305c2334c02e44ac592bbea681ba4cc1576de3
BIO,2,Bioether,0x9b06fb515b68089518a4f857a8bcfb16cc97346e
PARETO,18,Pareto Network,0xea5f88e54d982cbb0c441cde4e79bc305e5b43bc
RPT,18,Real Property Token,0xdb9dfb67c6388291476b0c1db3b59838c447e1ec
TGT,1,Target,0xac3da587eac229c9896d919abc235ca4fd7f72c1
POA20,18,POA Network,0x6758b7d441a9739b98552b373703d8d3d14f9e62
BOTA,18,Adbota,0x4d11061ec8f401edc2395b5f439a05eee6ccfa50
POW,18,POW,0xeb2da9fac54284cea731d1f10bb34eecb3c00c14
HATOLD,12,Hawala Token,0xc3972ac283b3a7a56125674631a5c254f7f373cf
POS,18,PoSToken,0xee609fe292128cad03b786dbb9bc2634ccdbe7fc
CLOUT,18,CLOUT,0x5ba49fcf7c9dce67d6a9fc92cc51c8e77cba5b7a
EPM,18,Epocum,0xc5594d84b996a68326d89fb35e4b89b3323ef37d
CLD,6,Cloudwith.me,0xc3951d77737733174152532e8b0f27e2c4e9f0dc
TEAM,4,TokenStars,0x1c79ab32c66acaa1e9e81952b8aaa581b43e54e7
UCN,8,UC Coin,0xb236e2477b8ed34b203b60e2b88884ee5b31a3c3
TRDT,0,Trident Group,0x33f90dee07c6e8b9682dd20f73e6c358b2ed0f03
POE,8,Poet,0x0e0989b1f9b8a38983c2ba8053269ca62ec9b195
RPL,18,Rocket Pool,0xb4efd85c19999d84251304bda99e90b92300bd93
NODE,2,NODE,0xac956c72c262e5405a84dac655d5f3bea7ae9534
MLD,18,Mold,0x52e30201f31283dc5f7928b4198896083f604416
LEND,18,ETHLend,0x80fb784b7ed66730e8b1dbd9820afd29931aab03
DHG,18,Dash Gold,0x08f8117155aa9414b67113a47ad269d47974e9dc
ELF,18,Aelf,0xbf2179859fc6d5bee9bf9158632dc51678a4100e
TOMO,18,Tomocoin,0x8b353021189375591723e7384262f45709a3c3dc
MLN,18,Melonport,0xbeb9ef514a379b997e0798fdcc901ee474b6d9a1
COSSOLD,18,COSS,0x65292eeadf1426cd2df1c4793a3d7519f253913b
STORJ,8,StorjToken,0xb64ef51c888972c908cfacf59b47c1afbc0ab8ac
CCO,18,Ccore Token,0x679badc551626e01b23ceecefbc9b877ea18fc46
TKR2,18,TKRToken,0xb45a50545beeab73f38f31e5973768c421805e5e
ELD,18,Electrum Dark,0xaaf7d4cd097317d68174215395eb02c2cca81e31
STORM,18,Storm Market,0xd0a4b8946cb52f0661273bfbc6fd0e0c75fc6433
SKIN,6,SkinCoin,0x2bdc0d42996017fce214b21607a515da41a9e0c5
DRGN,18,Dragonchain,0x419c4db4b9e25d6db2ad9691ccb832c8d9fda05e
POOL,8,POS Mining,0x779b7b713c86e3e6774f5040d9ccc2d43ad375f8
MCO,8,Monaco,0xb63b606ac810a52cca15e44bb630fd42d8d1d83d
AIRA,0,Aira,0xa2f4fcb0fde2dd59f7a1873e121bc5623e3164eb
KRM,18,Opakeco,0xb5b57e3c59b0a2b3e8ae5102142d98daab0a51dd
DICE,16,DICE,0x2e071d2966aa7d8decb1005885ba1977d6038a65
MCI,18,Musiconomi,0x138a8752093f4f9a79aaedf48d4b9248fab93c9c
RSPR,16,Rasper,0x46eec301d2d00087145d1588282c182bd1890e5c
FACE,18,Faceter Token,0x1ccaa0f2a7210d76e1fdec740d5f323e2e1b1672
QSR,18,QUASAR,0x89e3b8ed5bd4f21ebd79a3d406bd65f5aada8fae
QSP,18,Quantstamp,0x99ea4db9ee77acd40b119bd1dc4e33e1c070b80d
GFL,18,Golden Fleece Token,0x26607f9bf9d62a37b0c78e1d3719fcd1fa32bef9
FUEL,18,EtherParty,0xea38eaa3c86c8f9b751533ba2e562deb9acded40
XGT,18,Cryptogene,0x30f4a3e0ab7a76733d8b60b89dd93c3d0b4c9e2f
QAU,8,Quantum,0x671abbe5ce652491985342e85428eb1b07bc6c64
AXP,8,aXpire,0x9af2c6b1a28d3d6bc084bd267f70e90d49741d5b
PAS,18,Passive,0x34453c84b6d18bc285a80e31f6c6395934434e92
EXC,18,Eximchain,0x00c4b398500645eb5da00a1a379a88b11683ba01
WAND,18,WANDX,0x27f610bf36eca0939093343ac28b1534a721dbb4
PAY,18,TenX,0xb97048628db6b661d4c2aa833e95dbe1a905b280
UQC,18,Uquid Coin,0xd01db73e047855efb414e6202098c4be4cd2423b
LDN,8,LydianCoin,0x8260aa7b903fa1746820ebf674f2f837b22f016b
SNIP,18,Snip.Network,0x44f588aeeb8c44471439d1270b3603c66a9262f1
SCASH,18,ShiftCash,0xa55fc2f935e5decd52685e28c9f1e94528f86c70
PAI,18,PCHAIN,0xb9bb08ab7e9fa0a1356bd4a39ec0ca267e03b0b3
PAL,18,PolicyPal,0xfedae5642668f8636a11987ff386bfd215f942ee
IOST,18,IOS,0xfa1a856cfa3409cfa145fa4e20eb270df3eb21ab
ERC20,18,ERC20,0x26d5bd2dfeda983ecd6c39899e69dae6431dffbb
DCN,0,Dentacoin,0x08d32b0da63e2c3bcf8019c9c5d849d7a9d791e6
BETEX,18,BETEX,0xbd270f9a96ed49a1c82055a22ad9b8eec564097f
GMP,18,GMP,0x416dd1d4fb22f6ae73651d5c2c5475087df4ea26
SATIVA,18,Sativa Token,0x49bb48456405738ebbd7bd5d963bea19abfa5377
DCG,2,Dogecoin gold,0x3605fbf7529018d5b7d7ea38b3e6c73bfbd3fadf
NXXOLD,8,Nexxus,0x5c6183d10a00cd747a6dbb5f658ad514383e9419
PCLOLD,8,PECULIUM OLD,0x53148bb4551707edf51a1e8d7a93698d18931225
DCC,18,Distributed Credit Chain,0xffa93aacf49297d51e211817452839052fdfb961
NEXT,18,NEXT.exchange,0x4e005a760e00e17c4912a8070eec047cfecbabbb
0XBTC,8,0xBitcoin,0xb6ed7644c69416d67b522e20bc294a9a9b405b31
IWT,18,Integrative,0x77faed976e187f26b49e78be8418ab074a341f26
NEXO,18,Nexo,0xb62132e35a6c13ee1ee0f84dc5d40bad8d815206
HST,18,Decision Token,0x554c20b7c486beee439277b4540a434566dc4c02
CCT,18,Crystal,0x336f646f87d9f6bc6ed42dd46e8b3fd9dbd15c22
MTC2,0,Metacube,0x91719ac125029b667f630161af44ac8da84310b4
ADI,18,Aditus,0x8810c63470d38639954c6b41aac545848c46484a
WEB,18,Webcoin,0x840fe75abfadc0f2d54037829571b2782e919ce4
C20,18,Crypto20,0x26e75307fc0c021472feb8f727839531f112f317
COBU,0,Coinbug,0x151d0460c3fb70c1959cd663a83ad308f541815b
COU,18,Couchain,0xf091cf09c51811819db705710e9634b8bf18f164
VXD,18,Velix ID Token,0xfdfd5db568f2ecf9b06a16116b9201b0500735b4
VEE,18,blockv,0x340d2bde5eb28c1eed91b2f790723e3b160613b7
HAC,4,Hackspace Capital,0x43567eb78638a55bbe51e9f9fb5b2d7ad1f125aa
KNC,18,Kyber,0xdd974d5c2e2928dea5f71b9825b8b646686bd200
BNT,18,Bancor,0x1f573d6fb3f13d689ff844b4ce37794d79a7ff1c
VTCS,18,Vitalik Cash,0x56c23f03f5369ecc667ec61834ad859665386819
EQL,18,EQUAL,0x47dd62d4d075dead71d0e00299fc56a2d747bebb
KNW,8,Knowledge,0x217375af2de10c73f94408c3258a956df106ba98
EQC,8,Qchain,0xc438b4c0dfbb1593be6dee03bbd1a84bb3aa6213
COIN,18,Coinvest,0x5e8f855966d638135a968861e80dda722291b06d
HAT,12,Hawala Today,0x9002d4485b7594e3e850f0a206713b305113f69e
HAV,18,Havven,0xf244176246168f24e3187f7288edbca29267739b
E4ROW,2,E4ROW,0xce5c603c78d047ef43032e96b5b785324f753a4f
NIH,8,NihilCoin,0x202e295df742befa5e94e9123149360db9d9f2dc
YEL,18,Yellow Token,0x8633e144f2d9b9b8bdd12ddb58e4bef1e163a0ce
SENC,18,Sentinel Chain,0xa13f0743951b4f6e3e3aa039f682e17279f52bc3
XYO,18,XY Oracle,0x55296f69f40ea6d20e478533c15a6b08b654e758
EREAL,18,eREAL,0x15f173b7aca7cd4a01d6f8360e65fb4491d270c1
SYN,18,Synapse,0x10b123fddde003243199aad03522065dc05827a0
IHT,18,I HOUSE TOKEN,0xeda8b016efa8b1161208cf041cd86972eee0f31e
COFI,18,CoinFI,0x3136ef851592acf49ca4c825131e364170fa32b3
SXUT,18,Spectre U-Token,0x2c82c73d5b34aa015989462b2948cd616a37641f
TIO,18,Trade.io,0x80bc5512561c7f85a3a9508c7df7901b370fa1df
KIN,18,Kin,0x818fc6c2ec5986bc6e2cbf00939d90556ab12ce5
NPX,2,NapoleonX,0x28b5e12cce51f15594b0b91d5b5adaa70f684a02
EGO,18,GoGuides,0x18cabd1e7db6c52406719cb72859ea2c2eea75d6
MZI,18,MziToken,0xfd0df7b58bd53d1dd4835ecd69a703b4b26f7816
SENT,8,Sentinel,0xa44e5137293e855b1b7bc7e2c6f8cd796ffcb037
GUESS,2,PeerGuess,0xbdcfbf5c4d91abc0bc9709c7286d00063c0e6f22
BKRX,18,BlockRx Digital Token,0x3cf9e0c385a5abec9fd2a71790aa344c4e8e3570
XOXO,18,Bitxoxo,0x222139425bcb172721dd4c22c29dd841d4358f69
XTRD,18,XTRD,0x9c794f933b4dd8b49031a79b0f924d68bef43992
SKR,6,Skrilla,0x4c382f8e09615ac86e08ce58266cc227e7d4d913
DML,18,DecentralizedML,0xbcdfe338d55c061c084d81fd793ded00a27f226d
EMT,18,easyMINE Token,0x9501bfc48897dceeadf73113ef635d2ff7ee4b97
EMV,2,EthereumMovieVenture,0xb802b24e0637c2b87d2e8b7784c055bbe921011a
DMT,8,DMarket,0x2ccbff3a042c68716ed2a2cb0c544a9f1d1935e1
TIE,18,Tie Token,0x999967e2ec8a74b7c8e9db19e039d920b31d39d0
SKM,18,Skrumble Token,0xd99b8a7fa48e25cce83b81812220a3e03bf64e5f
FDX,18,fidentiax,0x52a7cb918c11a16958be40cba7e31e32a499a465
TRST,6,Trustcoin,0xcb94be6f13a1182e4a4b6140cb7bf2025d28e41b
GBX,8,Globitex Token,0x12fcd6463e66974cf7bbc24ffc4d40d6be458283
LDC,18,Leadcoin,0x5102791ca02fc3595398400bfe0e33d7b6c82267
EAGLE,18,EagleCoin,0x994f0dffdbae0bbf09b652d6f11a493fd33f42b9
SDRN,18,SENDERON,0x73b534fb6f07381a29a60b01eed5ae57d4ee24d7
WND,18,Windy,0x6d7a4c14c997333e304d5aef2aece73fd60ecc59
GET,18,GUTS,0x8a854288a5976036a725879164ca3e91d30c6a1b
DRIP,18,Dark Ripple,0x43ed44c782ca3b3e3e3038ce26f196aaf8010c08
LDM,18,Privateers life,0x28a40acf39b1d3c932f42dd8068ad00a5ad6448f
DAXT,18,BlockEx,0x61725f3db4004afe014745b21dab1e1677cc328b
SKCH,6,Skychain Global Token,0x70c621f949b6556c4545707a2d5d73a776b98359
DRG,8,DRAGON,0x814f67fa286f7572b041d041b1d99b432c9155ee
BLT,18,Bloom,0x107c4504cd79c5d2696ea0030a8dd4e92601b82e
BNTY,18,Bounty0x,0xd2d6158683aee4cc838067727209a0aaf4359de3
GEN,18,DAOstack,0x543ff227f64aa17ea132bf9886cab5db55dcaddf
GEM,18,Gems,0xc7bba5b765581efb2cdd2679db5bea9ee79b201f
ARENA,18,Arena,0xf9c9da0c81fffd491458881410903561d1e40fd0
XRL,9,RIALTO,0xb24754be79281553dc1adc160ddf5cd9b74361a4
BOON,18,Boon Tech,0xe83e098eedb43b33d340d4757529e5a2c4ee3230
DDOOS,8,Dollarydoos,0xf814d88af9f624257880ae1c6b519d87116810e8
VOISE,8,VOISE,0x83eea00d838f92dec4d1475697b9f4d3537b56e3
BEE,18,Bee Token,0x4d8fc1453a0f359e99c9675954e656d80d996fbf
CHUCK,4,CHUCK NORRIS,0x9c23a568a32e8434ec88bdf60891a1d95ffd36cc
SPN,6,Sapien Network,0x20f7a3ddf244dc9299975b4da1c39f8d5d75f05a
ECHT,18,ECHAT TOKEN,0x1a2277c83930b7a64c3e3d5544eaa8c4f946b1b7
HYTV,3,HYPERTV,0x7259fddca8d5f0184b3b12aa7e8401964b703a4f
WTT,0,Cryptonomos,0x84119cb33e8f590d75c2d6ea4e6b0741a7494eda
DDF,18,Digital,0xcc4ef9eeaf656ac1a2ab886743e98e97e090ed38
EBTC,8,eBTC,0xeb7c20027172e5d143fb030d50f91cece2d1485d
INXT,8,Internxt,0xa8006c4ca56f24d6836727d106349320db7fef82
OPT,18,OPUS,0x4355fc160f74328f9b383df2ec589bb3dfd82ba0
ANA,8,Anacoin,0x8b75125582ff3ed5481a8ff50e660e416fb8f50a
RNB,0,RAINBOW Coin,0x6f5362acaf1a58d3ad92e3c64f98cdb4e3ebc9b8
ANN,18,Agent Not Needed,0xe0e73e8fc3a0fa161695be1d75e1bc3e558957c4
CVT2,18,R_block,0x4aac461c86abfa71e9d00d9a2cde8d74e4e1aeea
OHNI,0,Ohni,0x7f2176ceb16dcb648dc924eff617c3dc2befd30d
ETHFM,18,Ethereum FundMe,0x84ce2fced3ffed8c3a3e305d6ccf6f542a7ca006
ANT,18,Aragon,0x960b236a07cf122663c4303350609a66a7b288c0
LCD,18,Lucyd,0x9a4059c1cf329a017e0ee1337c503137fd9463b2
MOO,18,CloudMoolah,0x8f207f9b97cf0afc292a384d6c19a2a084acde5e
LCC,18,Litecoin Classic,0x9c3a2334d8d7a8b9013c0e572a5bbdfc2fc69063
PRL,18,Oyster Pearl,0x1844b21593262668b7248d0f57a220caaba46ab9
STRC,8,StarCredits,0x46492473755e8df960f8034877f61732d718ce96
PST,18,Primas,0xe3fedaecd47aa8eab6b23227b0ee56f092c967a9
MOD,0,Modum,0x957c30ab0426e0c93cd8241e2c60392d08c6ac8e
ETR,18,Ethereum Red,0x0767fa882b9634df15ff2f87c46e0e1a406a982f
BULX,18,Bullioncoin,0xce59d29b09aae565feeef8e52f47c3cd5368c663
KMC,8,KEMCREDIT,0x4b3eacb500955d22ee8bcdd8dd3d9009e29f2d24
PNTH,18,Panther Token,0x49ba4d042443afe853c8407bf2eeb62501978115
COV,18,Covesting,0xe2fb6529ef566a080e6d23de0bd351311087d567
BCD,6,BitCAD,0x660b612ec57754d949ac1a09d0c2937a010dee05
BUNNY,18,BunnyToken,0x755eb14d2feff2939eb3026f5cad9d03775b9ff4
FSN,18,Fusion Token,0xd0352a019e9ab9d757776f532377aaebd36fd541
AKYU,18,Akyumen,0xcf085a96299a27b75fecb781420c6f56ee2b0dc7
COB,18,Cobinhood,0xb2f7eb1f2c37645be61d73953035360e768d81e6
ETF,18,ETHERFLOW,0x716b87619d0c06c5868837cca18b2dd9d64a29d5
KMR,18,Kamera,0x71f7b56f9f8641f73ca71512a93857a7868d1443
UMC,6,UmbrellaCoin,0x190fb342aa6a15eb82903323ae78066ff8616746
P+,0,GreenPower,0x55e7c4a77821d5c50b4570b08f9f92896a25e012
FTX,18,FintruX Network,0xd559f20296ff4895da39b5bd9add54b442596a61
ETH,18,Ether,0x0000000000000000000000000000000000000000
GAS,8,Gas Files,0x75c79b88face8892e7043797570c390bc2db52a7
CLN,18,Colu Local Network,0x4162178b78d6985480a308b2190ee5517460406d
RBTC,0,Bitcoin Revolution,0xf6f61f70ae1c4559459899300b17d2b2c77d39b5
PRFT,18,Proof,0xc5cea8292e514405967d958c2325106f2f48da77
ROCK,18,Rocket DAO,0xa40106134c5bf4c41411554e6db99b95a15ed9d8
RIYA,8,Etheriya,0x0b1724cc9fda0186911ef6a75949e9c0d3f0f2f3
CASH,18,Cash Poker Pro,0xa8f93faee440644f89059a2c88bdc9bf3be5e2ea
SMT2,8,SocialMedia.Market,0x78eb8dc641077f049f910659b6d580e80dc4d237
MOT,18,MOT,0x263c618480dbe35c300d8d5ecda19bbb986acaed
FLUZ,18,Fluz,0x954b5de09a55e59755acbda29e1eb74a45d30175
PTM,18,Potentiam,0x7c32db0645a259fae61353c1f891151a2e7f8c1e
LIRA,8,LIRA,0xcf76f32ebe10139e4370127d5789cdb0750d460d
JOE,18,Jump-over Extranet,0xeb2868ff9d2cccbc5458ef9661adae96d499c988
SRG,6,SRG,0x607cbd284681db257a360d384a937ce149363760
BALI,18,Bali Coin,0x013a06558f07d9e6f9a00c95a33f3a0e0255176b
INSTAR,18,Insights Network,0xc72fe8e3dd5bef0f9f31f259399f301272ef2a2d
CC,18,Cultural Coin,0x3c159c0b03974f4b2befdde6f9f4ef09fd8d697b
NDC,18,NEVERDIE,0xa54ddc7b3cce7fc8b1e3fa0256d0db80d2c10970
LOCI,18,LOCIcoin,0x9c23d67aea7b95d80942e3836bcdf7e708a747c2
SRN,18,SIRIN LABS,0x68d57c9a1c35f63e2c83ee8e49a64e9d70528d25
IGNX,18,Ignite,0xafd8f91c4d7c2e3240f4154a1c596048035eb63c
KRI,18,KriosCoin,0xeef8102a0d46d508f171d7323bceffc592835f13
OBZ,18,OBIZCOIN,0xbf5eed8d51b20834c9d887b22c229237922055d7
SLIP,0,SlipStream,0x27537ff4df3081cef9bee9b29cac764067b42611
CAS2,2,CASINO,0xbb1b3e8ddded8165d58b0c192d19cd360682b170
CS,6,CREDITS,0x46b9ad944d1059450da1163511069c718f699d31
THETA,18,Theta,0x3883f5e181fccaf8410fa61e12b59bad963fb645
CV,18,CarVertical,0xda6cb58a0d0c01610a29c5a65c303e13e885887c
EPRIME,18,Ethereum Prime,0x8b4ed13b185e3ae5ca748a7febdff76b7d1d85d4
PLU,18,Pluton,0xd8912c10681d8b21fd3742244f44658dba12264e
TDH,18,TrustedHealth,0x2a1dbabe65c595b0022e75208c34014139d5d357
NMR,18,Numeraire,0x1776e1f26f98b1a5df9cd347953a26dd3cb46671
PLR,18,PILLAR,0xe3818504c1b32bf1557b16c238b2e01fd3149c17
TDM,8,TokenofDigitalMoney,0x7b6e57d2139dd5f38012cd641cebb8aff0d8953a
EOSDAC,18,eosDAC,0x7e9e431a0b8c4d532c745b1043c7fa29a48d4fba
TDC,3,Trendercoin,0x80e82dd8707a68d9f26a3035c1bbf2b704549801
YESTERDAY,18,YESTERDAY,0x7268f9c2bc9c9e65b4a16888cb5672531ce8e945
TRAK,18,TrakInvest,0x12759512d326303b45f1cec8f7b6fd96f387778e
PLX,8,PlexCoin,0xb3203db25a01fa7950a860b42b899ad7da52ddd6
EDEX,8,ETHDEX,0x038da599a137f89f49b43cd0d561d5e159058b60
UST,18,Uservice Token,0xf62baa1997f04f165edd100d78241e07617f6ce6
PLC,18,PlusCoin,0x0835ecd15ddf08d4786304d71b4672dc5c40f011
TOKE,18,Tokenereum,0x6ed3efe43df09313c6de6059b9a443c4fd1ca535
UFR,18,upfiring,0xea097a2b1db00627b2fa17460ad260c016016977
ALIS,18,ALIS Media,0xea610b1153477720748dc13ed378003941d84fab
CL,18,Coinlancer,0xe81d72d14b1516e68ac3190a46c93302cc8ed60f
H2O,18,Hydrominer,0xfeed1a53bd53ffe453d265fc6e70dd85f8e993b6
SHOP,9,Shopin,0x6175f6f85339f1e56affac5a68cbf8297969004d
LUCK,0,LUCKY,0xfb12e3cca983b9f59d90912fd17f8d745a8b2953
LOC,18,LockChain,0x5e3346444010135322268a4630d2ed5f8d09446c
PRIX,8,Privatix,0x3adfc4999f77d04c8341bac5f3a76f58dff5b37a
AIX,18,Aigang,0x1063ce524265d5a3a624f4914acd573dd89ce988
RCT,18,RealChain,0x13f25cd52b21650caa8225c9942337d914c9b030
AIT,18,AIT,0x79650799e7899a802cb96c0bc33a6a8d4ce4936c
GNX,9,Genaro Network,0x6ec8a24cabdc339a06a172f8223ea557055adaa5
AIR,8,AirToken,0x27dce1ec4d3f72c3e457cc50354f1f975ddef488
XPST,18,PokerSports,0x35c896b1700e344a81b95b6bc1d4d95b4503699c
COMBI,10,CombiCoin,0x11468d142559f6ab61e69b47f30fa6a36c93ee92
RCN,18,Ripio,0xf970b8e36e23f7fc3fd752eea86f8be8d83375a6
MKR,18,Maker,0x9f8f72aa9304c8b593d555f12ef6589cc3a579a2
MNTP,18,Goldmint,0x83cee9e086a77e492ee0bb93c2b0437ad6fdeccc
ANK,18,Ankorus Token,0xaa4ab1c817e4df7d25ce4d42352649d592a3bba0
ELIX,18,elixir,0xc8c6a31a4a806d3710a7b38b7b296d2fabccdba8
CVC,8,Civic,0x41e5560054824ea6b0732e656e3ad64e20e94e45
BZNT,18,Bezant,0xe1aee98495365fc179699c1bb3e761fa716bee62
RCC,18,RealityClash,0x9b6443b0fb9c241a7fdac375595cea13e6b7807a
LEDU,8,Education,0x5b26c5d0772e5bbac8b3182ae9a13f9bb2d03765
NBAI,18,Nebula AI Token,0x17f8afb63dfcdcc90ebe6e84f060cc306a98257d
VIBE,18,Vibe,0xe8ff5c9c75deb346acac493c463c8950be03dfba
FAP,18,FAPcoin,0x6467882316dc6e206feef05fba6deaa69277f155
GAT,18,Gatcoin,0x687174f8c49ceb7729d925c3a961507ea4ac7b28
QRL,8,QRL,0x697beac28b09e122c4332d163985e8a73121b97f
SOL,6,Sola Token,0x1f54638b7737193ffd86c19ec51907a7c41755d8
PRG,6,Paragon,0x7728dfef5abd468669eb7f9b48a7f70a501ed29d
BANCA,18,BANCA Token,0x998b3b82bc9dba173990be7afb772788b5acb8bd
FUDD,8,DimonCoin,0xde39e5e5a1b0eeb3afe717d6d011cae88d19451e
FAM,12,Fame,0x190e569be071f40c704e15825f285481cb74b6cc
PMNT,9,Paymon,0x81b4d08645da11374a03749ab170836e4e539767
IQN,18,IQeon,0x0db8d8b76bc361bacbb72e2c491e06085a97ab31
ENERGY,0,Ethereum Energy,0x96d3bec96f3b5cde5c1121a007cec78ef8a9389a
GOOD,6,Goodomy,0xae616e72d3d89e847f74e8ace41ca68bbf56af79
GOOC,8,Goochain,0xdcb9ff81013c31ff686154b4502ef6bfaa102d2d
UTK,18,UTRUST,0x70a72833d6bf7f508c8224ce59ea1ef3d0ea3a38
CRYPHER,18,CrypherCoin,0xa0e743c37c470ab381cf0e87b6e8f12ef19586fd
X8X,18,X8X Token,0x910dfc18d6ea3d6a7124a6f8b5458f281060fa4c
MOC,18,Moss Coin,0xa4e2602390a09bf75fd7a591adc1ee4d2909f89b
MTH,5,Monetha,0xaf4dce16da2877f8c9e00544c93b62ac40631f16
BTEU,0,BITEDU,0x5953628b88e67935c70be95d8d3bd8655cedc996
MTL,8,Metal,0xf433089366899d83a9f26a773d59ec7ecf30355e
MTC,18,Medical Token Currency,0x905e337c6c8645263d3521205aa37bf4d034e745
CHP,18,Poker Chips,0xf3db7560e820834658b590c96234c333cd3d5e5e
VIEW,18,Viewly,0xf03f8d65bafa598611c3495124093c56e8f638f0
ART,18,Maecenas,0xfec0cf7fe078a500abf15f1284958f22049c2c7e
PINN,18,Pinnacle,0x1df6eadc2e1e9f4cbb2d94369210d8f1b790ee19
TBAR,18,Titanium BAR,0xee8bd1502c3e9f6c543781467c01592ac51cfbb8
ARX,18,Arexium,0xe256bb0b2a3457e54db3a41cf5a8b826aca222a8
ELUNCH,18,Ethereum Launcher,0x9c1d13d5a8fd4a8ac89917d31d40db454d1ee60b
ST,18,Simple Token,0x2c4e8f2d746113d0696ce89b35f0d8bf88e0aeca
BEEFY,10,Bank4YOU,0xfc41a15650f2a3b052d7a3b8f758665ed37d56ba
ALPC,0,AlpenCash,0xbfd4a3c26996dfc9e85a951eb615aac3b84c758b
ARC,18,Arcade City,0xac709fcb44a43c35f0da4e3163b117a17f3770f5
XDCE,18,XDCE,0x41ab1b6fcbb2fa9dced81acbdec13ea6315f2bf2
WIND,18,WindCoin,0x2fc4f87665d68ce3c6eee906c10086ee61fbfb17
KWH,18,KWHCoin,0xebc7cd2684dd96619841c7994343c5a8bda94b10
RNT,18,OneRoot Network,0xff603f43946a3a28df5e6a73172555d8c8b02386
ELITE,18,Ethereum Lite,0x0a76aad21948ea1ef447d26dee91a54370e151e0
ARN,8,Aeron,0xba5f11b16b155792cf3b2e6880e8706859a8aeb6
REAL,18,Real.Markets,0x9214ec02cb71cba0ada6896b8da260736a67ab10
TIX,18,Blocktix,0xea1f346faf023f974eb5adaf088bbcdf02d761f4
DUBI,18,DUBI,0xd4cffeef10f60eca581b5e1146b5aca4194a4c3b
STCN,0,Stop Tabac Coin,0x420c42ce1370c0ec3ca87d9be64a7002e78e6709
ETRUST,18,Ethereum Trust Fund,0x50d2e7bcd0bffa5c1cde4b63d6ffee6d1cdac0ae
BOP,8,blockoptions,0x7f1e2c7d6a69bf34824d72c53b4550e895c0d8c2
DRP,2,DCORP,0x621d78f2ef2fd937bfca696cabaf9a779f59b3ed
WZI,18,Wizzle Infinity Token,0xb8327f32127afe37a544c52b628653e222a93bad
DRT,8,domraider,0x9af4f26941677c706cfecf6d3379ff01bb85d5ab
DAI,18,Maker DAI,0x89d24a6b4ccb1b6faa2625fe562bdd9a23260359
CPC,18,CPChain,0xfae4ee59cdd86e3be9e8b90b53aa866327d7c090
NAS,18,Nebulas,0x5d65d971895edc438f465c17db6992698a52318d
EPL,0,Ethereum Platinum,0x0fa698f8b7464d6d9597ecfc8f44d353b1a735d1
DVN,18,Developer Network Token,0x9b7593aae6b48d02668808c2dfbfc4bef35ef957
FDZ,18,Friendz Coin,0x23352036e911a22cfc692b5e2e196692658aded9
BQ,3,bitqy,0xf0f8b0b8dbb1124261fc8d778e2287e3fd2cf4f5
HBZ,18,Helbiz,0xe34e1944e776f39b9252790a0527ebda647ae668
SMT,18,Sun Money Token,0xc761c8dc05ae52a8a785665e528ddbb00c098ad1
HBT,15,Hubiits,0xdd6c68bb32462e01705011a4e2ad1a60740f217f
CTN,0,Communitytoken,0xeffdda4220a61bb62d7bff9d89615e05b3f156e8
SHLD,18,Shield Vision,0x9397554c07f687b7a20d13c73350cc283765d509
CCC,18,Crush Crypto Core,0xbe11eeb186e624b8f26a5045575a1340e4054552
OAX,18,openANX,0x701c244b988a513c945973defa05de933b23fe1d
DEECOIN,18,DeeCOIN,0xf010cfe91d8c461c1d59c2c26883db7bf7fc99e5
LYS,8,LIGHTYEARS,0xdd41fbd1ae95c5d9b198174a28e04be6b3d1aa27
PPT2,18,Proof,0x2469f31a34fcaac0debf73806ce39b2388874b13
FLIP,0,Flip,0xc997d07b0bc607b6d1bcb6fb9d4a5579c466c3e5
PIX,0,PIX,0x8effd494eb698cc399af6231fccd39e08fd20b15
FACEOLD,18,Faceter token,0x4695c7ac68eb86c1079c7d7d53af2f42db8a6799
HKN,8,HACKEN,0x9e6b2b11542f2bc52f3029077ace37e8fd838d7f
FLIK,14,FLiK,0x17fd666fa0784885fa1afec8ac624d9b7e72b752
RVT,18,RvT,0x3d1ba9be9f66b8ee101911bc36d3fb562eac2244
LYM,18,Lympo,0x57ad67acf9bf015e4820fbd66ea1a21bed8852ec
SPHTX,18,SophiaTX,0x3833dda0aeb6947b98ce454d89366cba8cc55528
CCOLD,2,CryptoSoft Token,0xf3860b668077946bd2ce41a5999560c51648aa18
MFG,18,SyncFab,0x6710c63432a2de02954fc0f851db07146a6c0312
YOLO,0,YOLOCOIN,0x07c5b1e4391fcdfc6c12548448aeee30a3793079
NAVI,18,Navi Token,0x588047365df5ba589f923604aac23d673555c623
SVD,18,Savedroid,0xbdeb4b83251fb146687fa19d1c660f99411eefe3
EXMR,8,EXMR,0xc98e0639c6d2ec037a615341c369666b110e80e5
FOPA,8,Fopacoin,0x319b33456aa1248cc0e04b555c63c10b51423a5e
XAI,8,AICoin,0x268b7976e94e84a48bf8b2b57ba34b59ed836a74
NXC,3,Nexium,0x45e42d659d9f9466cd5df622506033145a9b89bc
ZPN,18,Zpay Network,0xbd6a473b817843cc9ef5c02d52bb29b07976b6d7
EBTGOLD,0,eBTGold,0x44e6d9ae9053a16e9311fd9702291c5516804359
MyB,8,MyBit,0x94298f1e0ab2dfad6eeffb1426846a3c29d98090
ODIN,18,Odin Report,0x12fa6cc43227ad0f1256804dbc24480404799080
BIT,18,Bitrewards,0x47da42696a866cdc61a4c809a515500a242909c1
UBT,8,Unibright,0x8400d94a5cb0fa0d041a3788e395285d61c9ee5e
GZENEW,18,GazeCoin,0x4ac00f287f36a6aad655281fe1ca6798c9cb727b
AKYUOLD,0,Akyumen old,0x7823ec21765f6007e2205138c67f78dd8c0614cf
LATX,8,Latium,0x2f85e502a988af76f7ee6d83b7db8d6c0a823bf9
MCD,18,MealCoinDinnerful,0x5afda18caba69fe3af5e6d56e42e1c9f92c40d77
FSBT,18,Forty Seven Bank Token,0x1ed7ae1f0e2fa4276dd7ddc786334a3df81d50c0
EBET,2,Ethbet,0x7d5edcd23daa3fb94317d32ae253ee1af08ba14d
OX,3,OX Fina,0x65a15014964f2102ff58647e16a16a6b9e14bcf6
T4GM,2,GameMarketToken,0xa042a3079a45ca1fb586b8307bcab9b8f8a85b27
CRCN,3,CrowdToken,0x8ac77770de6a3b690e9f3ec368fb64ba3c112cdd
CXO,18,CargoX,0xb6ee9668771a79be7967ee29a63d4184f8097143
DEX,8,EDEX,0xa090e882f82e5080ecd083134feadcb7c965030f
DVIP,8,IDEX Membership,0xadc46ff5434910bd17b24ffb429e585223287d7f
VUP,18,VuePay token,0xcba6f10d1147b2c5a3d8d8cbd93c373b31c6c2c8
CEEK,18,CEEK,0xb056c38f6b7dc4064367403e26424cd2c60655e1
FINS,4,Finshi Capital,0x4805e471dd86dc0e3cbe44305391e37e491b579e
SKRP,18,Skraps,0xfdfe8b7ab6cf1bd1e3d14538ef40686296c42052
VIO,18,Vio,0x94ffb55ce68231c5966ea8dab16a8f066846513f
XSC,18,CrowdstartCoin,0x0f513ffb4926ff82d7f60a05069047aca295c413
DEL,18,Delphi,0x02b9806a64cb05f02aa8dcc1c178b88159a61304
IPL,18,InsurePal,0x64cdf819d3e75ac8ec217b3496d7ce167be42e80
ETK,2,EnergiToken,0x3c4a3ffd813a107febd57b2f01bc344264d90fde
DEB,18,Debitum,0x151202c9c18e495656f372281f493eb7698961d5
IPOS,18,iPoS,0x374b99781f22491a06aad3bf0cda34ecfd760ac0
SNTR,4,SilentNotary,0x2859021ee7f2cb10162e67f33af2d22764b31aff
SCL,8,SOCIAL,0xd7631787b4dcc87b1254cfd1e5ce48e96823dee8
CREDO,18,Credo,0x4e0603e2a27a30480e5e3a4fe548e29ef12f64be
POLL,18,ClearPoll Token,0x705ee96c1c160842c92c1aecfcffccc9c412e3d9
AMM,6,MicroMoney,0x8b1f49491477e0fb46a29fef53f1ea320d13c349
NEBO,3,Neubulous,0x580d69737e11cf2fb306c8fc0161b86f7c9f03ba
AMN,18,Amon,0x737f98ac8ca59f2c68ad658e3c3d8c8963e40a4c
DOV,18,DOVU,0xac3211a5025414af2866ff09c23fc18bc97e79b1
ROC,10,ROC,0x1bcbc54166f6ba149934870b60506199b6c9db6d
LLT,8,LLToken,0x6d5cac36c1ae39f41d52393b7a425d0a610ad9f2
GETX,18,InsChain,0x07a58629aaf3e1a0d07d8f43114b76bd5eee3b91
DRAGO,18,Dragon Metal,0x53df2750a7f280f979068a19a56959024aa94165
RLTY,8,SMARTRealty,0xbe99b09709fc753b09bcf557a992f6605d5997b0
SCX,0,SeedCash,0x14fffb1e001615b7fb7c7857bdf440a610022e5b
QVT,18,Qvolta,0x1183f92a5624d68e85ffb9170f16bf0443b4c242
AION,8,AION,0x4ceda7906a5ed2179785cd3a40a69ee8bc99c466
ETM,18,Ethereum Metal,0xec6b50a3f3f1e8a07557ca2ef048b3eecab1cd5e
BDG,18,Bitdegree,0x1961b3331969ed52770751fc718ef530838b6dee
CPAY,0,CPAY Token,0x0ebb614204e47c09b6c3feb9aaecad8ee060e23e
CPY,18,COPYTRACK,0xf44745fbd41f6a1ba151df190db0564c5fcc4410
VIT,18,Vice Industry Token,0x23b75bc7aaf28e2d6628c3f424b3882f8f072a3c
MTN,18,MedToken,0x41dbecc1cdc5517c6f76f6a6e836adbee2754de3
TRX,6,Tronix,0xf230b790e05390fc8295f4d3f60332c93bed42e2
ICE,18,IDICE,0x5a84969bb663fb64f6d015dcf9f622aedc796750
RHOC,8,RHOC,0x168296bb09e24a88805cb9c33356536b980d3fc5
PBL,18,Publica,0x55648de19836338549130b1af587f16bea46f66b
GET2,18,Themis network,0x60c68a87be1e8a84144b543aacfa77199cd3d024
EGAS,8,ETHGAS,0xb53a96bcbdd9cf78dff20bab6c2be7baec8f00f8
CJT,18,ConnectJob,0x3abdff32f76b42e7635bdb7e425f0231a5f3ab17
TRV,16,TravelCoin,0x23cb17d7d079518dbff4febb6efcc0de58d8c984
FKX,18,KnoxsterToken,0x009e864923b49263c7f10d19b7f8ab7a9a5aad33
LRC,18,Loopring,0xef68e7c694f40c8202821edf525de3782458639f
AVT,18,Aventus,0x0d88ed6e74bbfd96b831231638b66c05571e824f
LTCW,8,LiteCoinW,0x558a0fb2952a8743adbf45e073396245751f5b8a
MYST,8,Mysterium,0xa645264c5603e96c3b0b078cdab68733794b0a71
UP,2,UpToken,0xe49203f0adaa0a4fbfa7b5ab59642e43dfce11a9
BST,18,Blocksquare Token,0x509a38b7a1cc0dcd83aa9d06214663d9ec7c7f4a
LTCI,0,LiteCoin Ice,0x61329fbc46d1a65ac92b80a0e5efb5b0434661c1
SENSE,8,SENSE,0x6745fab6801e376cd24f03572b9c9b0d4edddccf
LTCD,8,Litecoin Dark,0x03dcbedc7f08f9fe276948d7b06a180834e80ece
KCY,18,KickCity Token,0x9d22c3bf2b51213a3572e865ecf78fab0294e75b
IVY,18,IvyKoin,0xa4ea687a2a7f29cf2dc66b39c68e4411c0d00c49
BCAP,0,Blockchain Capital,0xff3519eeeea3e76f1f699ccce5e23ee0bdda41ac
ACC,18,Accelerator,0x13f1b7fdfbe1fc66676d56483e21b1ecb40b58e2
QASH,6,QASH,0x618e75ac90b12c6049ba3b27f5d5f8651b0037f6
ZCASHC,18,Zcash Classic,0x752e5a3ee2d94535fde1624771a844cbe7d4ae7e
SUB,2,Substratum,0x12480e24eb5bec1a9d4369cab6a80cad3c0a377a
ACE,0,TokenStars,0x06147110022b768ba8f99a8f385df11a151a9cc8
FLX,18,BitFlux,0x70b147e01e9285e7ce68b9ba437fe3a9190e756a
JADE,5,Jade,0xa6e7172662379f1f4c72108655869abdbb7f7672
ZCO,8,Zebi Coin,0x2008e3057bd734e10ad13c9eae45ff132abc1722
ELTC,18,eLTC,0x1f103fd7c4fa908c25387da70ed287b632bd22a2
BEAT,18,Beat,0x2fb12bccf6f5dd338b76be784a93ade072425690
IDH,6,INDAHASH COIN,0x5136c98a80811c3f46bdda8b5c4555cfd9f812f0
STAR,18,Starbase,0xf70a642bd387f94380ffb90451c2c81d4eb82cbc
NET,18,Nimiq,0xcfb98637bcae43c13323eaa1731ced2b716962fd
NEU,18,Neumark,0xa823e6722006afe99e91c30ff5295052fe6b8e32
OPEN,8,OPEN Platform,0x69c4bb240cf05d51eeab6985bab35527d04a8c64
XNN,18,XENON,0xab95e915c123fded5bdfb6325e35ef5515f1ea69
PMT,4,playmarket,0xc1322d8ae3b0e2e437e0ae36388d0cfd2c02f1c9
TEL,2,Telcoin,0x85e076361cc813a908ff672f9bad1541474402b2
IETH,8,iEthereum,0x859a9c0b44cb7066d956a958b0b82e54c9e44b4b
WABI,18,WaBi,0x286bda1413a2df81731d4930ce2f862a35a609fe
CGC,16,CGCOINS,0x2d9765a94ff22e0ca3afc3e3f4b116de2b67582a
OCN,18,OCoin,0x4092678e4e78230f46a1534c0fbc8fa39780892b
RBLX,18,Rublix,0xfc2c4d8f95002c14ed0a7aa65102cac9e5953b5e
LHCOIN,8,LHCoin,0x0778cc2e8bbad3d483e82371606d100cc8604522
HOT,18,HoloToken,0x6c6ee5e31d828de241282b9606c8e98ea48526e2
EARTH,8,EARTH Token,0x900b4449236a7bb26b286601dd14d2bde7a6ac6c
VZT,18,Vezt,0x9720b467a710382a232a32f540bdced7d662a10b
SALT,8,SALT Lending,0x4156d3342d5c385a87d264f90653733592000581
TEU,18,20footEqvUnit,0xeeac3f8da16bb0485a4a11c5128b0518dac81448
GEM2,18,GEM: Greychain Emerging Markets,0x4046a3b951a7c3e2e4a366ff778b5a60a585107a
ADT,9,AdToken,0xd0d6d6c5fe4a677d343cc433536bb717bae167dd
ELI,18,EligmaToken,0xc7c03b8a3fc5719066e185ea616e87b88eba44a3
DNA,18,Gene-Chain Coin,0x82b0e50478eeafde392d45d1259ed1071b6fda81
GMC,2,GameCoin,0x3719dac5e8aeeb886a0b49f5cbafe2dfa73a16a3
SHIP,18,ShipChain,0xe25b0bba01dc5630312b6a21927e578061a13f55
MIND,18,Mindsports,0x222728c202e7164dfbd127181d46409338c4328e
YEED,18,YGGDRASH,0x6f7a4bac3315b5082f793161a22e26666d22717f
ADX,4,AdEx,0x4470bb87d77b963a013db939be332f927f2b992e
ELE,8,Elephant,0xd3483638cccf9fd2a5a8521bc910493d4e759610
DNT,18,district0x,0x0abdace70d3790235af448c88547603b945604ea
ADB,18,Adbank,0x2baac9330cf9ac479d819195794d79ad0c7616e3
VST,18,Vestarin,0x552ed8253f341fb770e8badff5a0e0ee2fd57b43
RDN,18,Raiden,0x255aa6df07540cb5d3d297f0d0d4d84cb52bc8e6
DGPT,18,DigiPulse Token,0xf6cfe53d6febaeea051f400ff5fc14f0cbbdaca1
ADH,18,ADHIVE,0xe69a353b3152dd7b706ff7dd40fe1d18b7802d31
GMT,18,Mercury Protocol,0xb3bd49e28f8f832b8d1e246106991e546c323502
HIRE,18,HIRE Token,0x865e3707a580f9db89304005cddd050ade8873eb
WIC,18,Wi,0x5e4abe6419650ca839ce5bb7db422b881a6064bb
LEV,9,LeverJ,0x0f4ca92660efad97a9a70cb0fe969c755439772c
XES,18,PROXEUS,0xa017ac5fac5941f95010b12570b812c974469c2c
COOKIE,18,Cookie,0xf3fb69ef211c6d1e838a5c2223ef54fed4f24090
BRD,18,Bread,0x558ec3152e2eb2174905cd19aea4e34a23de9ad6
WINGS,18,WINGS,0x667088b212ce3d06a1b553a7221e1fd19000d9af
FBL,2,Faceblock,0xc0c2ee1ce1fed8f6e2764363a36db3dd4cf10022
HQX,18,Hoqu,0x1b957dc4aefeed3b4a2351a6a6d5cbfbba0cecfa
DBETOLD,18,DecentBetToken,0x540449e4d172cd9491c76320440cd74933d5691a
DALC,8,DALECOIN,0x07d9e49ea402194bf48a8276dafb16e4ed633317
MORPH,4,MORPHEUS,0x2ef27bf41236bd859a95209e17a43fbd26851f92
NEWB,0,Newbium,0x814964b1bceaf24e26296d031eadf134a2ca4105
IQT,8,IQT,0x51ee82641ac238bde34b9859f98f5f311d6e4954
IPSX,18,IP Exchange,0x001f0aa5da15585e5b2305dbab2bac425ea71007
AUC,18,Auctus Token,0xc12d099be31567add4e4e4d0d45691c3f58f5663
MSP,18,Mothership,0x68aa3f232da9bdc2343465545794ef3eea5209bd
SPNK,8,Spank,0x1eab19e6623e8cbcafc252e275f5b51c27656faf
CAT2,18,BitClave,0x1234567461d3f8db7496581774bd869c83d51c93
CRPT,18,Crypterium,0x80a7e048f37a50500351c204cb407766fa3bae7f
HYDRO,18,HYDRO,0xebbdf302c940c6bfd49c6b165f457fdb324649bc
RKT,18,Rock Token,0x106aa49295b525fcf959aa75ec3f7dcbf5352f1c
WAX,8,Worldwide Asset eXchange,0x39bb259f66e1c59d5abef88375979b4d20d98022
NPXOLD,2,NPX OLD,0xc3788c1d348aef1a314bca5085c8285acc269030
HER,18,HeroNode Token,0x491c9a23db85623eed455a8efdd6aba9b911c5df
PXS,18,Pundi X old,0x358d12436080a01a16f711014610f8a4c2c2d233
SGP,18,SGPay Token,0x33c623a2baafeb8d15dfaf3ce44095efec83d72c
DAN,10,DAN Token,0x9b70740e708a083c6ff38df52297020f5dfaa5ee
SGR,8,Sugar Exchange,0xcb5a05bef3257613e984c17dbcf039952b6d883f
LALA,18,LALA,0xfd107b473ab90e8fbd89872144a3dc92c40fa8c9
SGT,1,Status,0xd248b0d48e44aaf9c49aea0312be7e13a6dc1468
GMR,18,GIMMER,0x9b8d5f3402f74c7a61d9f09c32d3ca07b45c1466
PXT,18,PROPX,0xaf146fbd319ca7ae178caa2c9d80a2db6b944350
DAT,18,Datum,0x81c9151de0c8bafcd325a57e3db5a5df1cebf79c
BCDT,18,BCDiploma,0xacfa209fb73bf3dd5bbfb1101b9bc999c49062a5
AURA,18,Aurora DAO,0xcdcfc0f66c522fd086a1b725ea3c0eeb9f9e8814
SGN,9,Signals Network Token,0xb2135ab9695a7678dd590b1a996cb0f37bcb0718
RPIL,8,Red Pill,0x9e386da8cdfcf8b9e7490e3f2a4589c570cb2b2f
METM,18,MetaMorph,0xfef3884b603c33ef8ed4183346e093a173c94da6
DAY,18,DAY,0xe814aee960a85208c3db542c53e7d4a6c8d5f60f
SGG,6,SggCoin,0xe2f45f1660dc99daf3bd06f637ab1e4debc15bde
TKA,18,Tokia Token,0xdae1baf249964bc4b6ac98c3122f0e3e785fd279
TNT,8,Tierion,0x08f5a9235b08173b7569f83645d2c7fb55e8ccd8
PLAY,18,HeroCoin,0xe477292f1b3268687a29376116b0ed27a9c76170
AE,18,Aeternity,0x5ca9a71b1d01849c0a95490cc00559717fcf0d1d
ICN,18,ICONOMI,0x888666ca69e0f178ded6d75b5726cee99a87d698
KING,18,King93,0xe1479d294807379320dca9a9e9002ac644539099
ETHG,0,Ethereum Gold,0x78cb641ed233beea4827b8b148e4bf0b17289eca
FOTA,18,Fortuna,0x4270bb238f6dd8b1c3ca01f96ca65b2647c06d3c
ETHD,18,Ethereum Dark,0xdbfb423e9bbf16294388e07696a5120e4ceba0c5
ETHC,8,Ethereum Centurion,0x44830e5fbe354af3c1c8d405170c08d3bc8a2cd9
ESZ,18,ESZCoin,0xe8a1df958be379045e2b46a31a98b93a2ecdfded
CNX,8,Cryptonex,0x94d6b4fb35fb08cb34aa716ab40049ec88002079
LGR,8,Logarithm,0x2eb86e8fc520e0f6bb5d9af08f924fe70558ab89
CND,18,Cindicator,0xd4c435f5b09f855c3317c8524cb1f586e42795fa
ICX,18,ICON,0xb5a5f22694352c15b00323844ad545abb2b11028
GOLD,18,GOLD,0x61d40b844ea5b68c9c504fccdb05b68c2d7ae965
CNN,18,CNN Token,0x8713d26637cf49e1b6b4a7ce57106aabc9325343
SME,18,SME Banking Platform,0xdfe7351c291bc0e49079c62212587244e1c666ba
ETHR,18,Ethereum Rainbow,0xe4fd2a2e36bb632e6eb5bd4f887262c81cc44f0c
GVT,18,Genesis Vision,0x103c3a209da59d3e7c4a89307e66521e081cfdf0
ETHP,18,EtherPower,0xebc86d834756621444a8a26b4cf81b625fe310cd
ZCG,8,ZCashGold,0x180e5087935a94fd5bbab00fd2249c5be0473381
BTCRED,8,Bitcoin Red,0x6aac8cb9861e42bf8259f5abdc6ae3ae89909e11
BRAT,8,BRAT,0x9e77d5a1251b6f7d456722a6eac6d2d5980bd891
EZT,8,EZToken,0x5e6016ae7d7c49d347dcf834860b9f3ee282812b
INDI,18,Indicoin,0xe8c09672cfb9cfce6e2edbb01057d9fa569f97c1
MOVI,0,MoviToken,0x623b925b0a57a24ea8de301f2e3e692ce903f0c3
DXT,8,DataWallet Token,0x8db54ca569d3019a2ba126d03c37c44b5ef81ef6
SNOV,18,Snovio,0xbdc5bac39dbe132b1e030e898ae3830017d7d969
CAPP,2,Cappasity,0x04f2e7221fdb1b52a68169b25793e51478ff0329
EGBYTE,18,EGBYTE,0x332ee54349e92db5d0d7132b213daeedf5bd2057
PFR,8,PayFair,0x2fa32a39fc1c399e0cc7b2935868f5165de7ce97
ALPHA,18,Alpha Investing,0x66e3ad9f57f23564a3f7aec06d2fc2a55380dfa7
VSL,18,VSlice,0x5c543e7ae0a1104f78406c340e9c64fd9fce5170
